{
  "items" : [
    {
      "img": "img-05.jpg",
      "alt" : "Testimonial Image 1",
      "name" : "Patient 1",
      "case_title" : "Heart Stroke Survivor",
      "desc" : "Today still wanted by the government they survive as soldiers of fortune the mate was a mighty sailing man the skipper brave and sure five passengers set sail that day for a three hour tour a three hour tour just two good old boys Would not change if they"
    },
    {
      "img": "img-10.jpg",
      "alt" : "Testimonial Image 2",
      "name" : "Patient 2",
      "case_title" : "Heart Stroke Survivor",
      "desc" : "Today still wanted by the government they survive as soldiers of fortune the mate was a mighty sailing man the skipper brave and sure five passengers set sail that day for a three hour tour a three hour tour just two good old boys Would not change if they"
    },
    {
      "img": "img-11.jpg",
      "alt" : "Testimonial Image 1",
      "name" : "Patient 3",
      "case_title" : "Heart Stroke Survivor",
      "desc" : "Today still wanted by the government they survive as soldiers of fortune the mate was a mighty sailing man the skipper brave and sure five passengers set sail that day for a three hour tour a three hour tour just two good old boys Would not change if they"
    }
  ]
}